{
  "token_acc": 1.0,
  "token_p": 0.997946327,
  "token_r": 0.998972108,
  "token_f": 0.998458954,
  "tag_acc": 0.9336762614,
  "pos_acc": 0.9256655085,
  "morph_acc": 0.8611361834,
  "morph_micro_p": 0.9195026643,
  "morph_micro_r": 0.9023846047,
  "morph_micro_f": 0.9108632157,
  "morph_per_feat": {
    "Case": {
      "p": 0.9316757209,
      "r": 0.9253917194,
      "f": 0.9285230881
    },
    "Number": {
      "p": 0.9458074273,
      "r": 0.9412994398,
      "f": 0.9435480491
    },
    "Abbr": {
      "p": 0.8888888889,
      "r": 0.5647058824,
      "f": 0.690647482
    },
    "Derivation": {
      "p": 0.721528288,
      "r": 0.6777087647,
      "f": 0.6989323843
    },
    "Mood": {
      "p": 0.9259936044,
      "r": 0.9336711193,
      "f": 0.9298165138
    },
    "Person": {
      "p": 0.9169190826,
      "r": 0.9205039096,
      "f": 0.9187079991
    },
    "Tense": {
      "p": 0.9054923305,
      "r": 0.9242424242,
      "f": 0.9147713072
    },
    "VerbForm": {
      "p": 0.9131295982,
      "r": 0.893163576,
      "f": 0.903036239
    },
    "Voice": {
      "p": 0.9219396807,
      "r": 0.9042923434,
      "f": 0.9130307467
    },
    "Degree": {
      "p": 0.862400906,
      "r": 0.8131340096,
      "f": 0.8370431437
    },
    "PartForm": {
      "p": 0.8549382716,
      "r": 0.7620357634,
      "f": 0.8058181818
    },
    "Number[psor]": {
      "p": 0.9130434783,
      "r": 0.7835820896,
      "f": 0.843373494
    },
    "Person[psor]": {
      "p": 0.8637873754,
      "r": 0.7386363636,
      "f": 0.7963246554
    },
    "AdpType": {
      "p": 0.9391634981,
      "r": 0.8949275362,
      "f": 0.9165120594
    },
    "NumType": {
      "p": 0.9488272921,
      "r": 0.9118852459,
      "f": 0.9299895507
    },
    "PronType": {
      "p": 0.9796416938,
      "r": 0.9555202542,
      "f": 0.9674306393
    },
    "Typo": {
      "p": 0.4444444444,
      "r": 0.0930232558,
      "f": 0.1538461538
    },
    "Clitic": {
      "p": 0.9205298013,
      "r": 0.7202072539,
      "f": 0.8081395349
    },
    "Style": {
      "p": 0.7586206897,
      "r": 0.5789473684,
      "f": 0.6567164179
    },
    "InfForm": {
      "p": 0.7902542373,
      "r": 0.7674897119,
      "f": 0.7787056367
    },
    "Polarity": {
      "p": 0.9911504425,
      "r": 0.9739130435,
      "f": 0.9824561404
    },
    "Connegative": {
      "p": 0.9386503067,
      "r": 0.8693181818,
      "f": 0.9026548673
    },
    "Foreign": {
      "p": 0.7142857143,
      "r": 0.2083333333,
      "f": 0.3225806452
    },
    "Reflex": {
      "p": 1.0,
      "r": 0.7619047619,
      "f": 0.8648648649
    }
  },
  "sents_p": 0.9128816083,
  "sents_r": 0.8988269795,
  "sents_f": 0.9057997784,
  "dep_uas": 0.7951884113,
  "dep_las": 0.7248022455,
  "dep_las_per_type": {
    "root": {
      "p": 0.8654275093,
      "r": 0.853372434,
      "f": 0.8593576966
    },
    "flat:name": {
      "p": 0.7731481481,
      "r": 0.8028846154,
      "f": 0.7877358491
    },
    "nmod:poss": {
      "p": 0.7075743049,
      "r": 0.781779661,
      "f": 0.7428283845
    },
    "nsubj": {
      "p": 0.8056603774,
      "r": 0.8291262136,
      "f": 0.8172248804
    },
    "acl": {
      "p": 0.7118055556,
      "r": 0.5823863636,
      "f": 0.640625
    },
    "obl": {
      "p": 0.657642414,
      "r": 0.694047619,
      "f": 0.675354764
    },
    "amod": {
      "p": 0.759086189,
      "r": 0.7670514166,
      "f": 0.7630480167
    },
    "obj": {
      "p": 0.6918660287,
      "r": 0.6965317919,
      "f": 0.6941910706
    },
    "cc": {
      "p": 0.8365122616,
      "r": 0.8263795424,
      "f": 0.8314150305
    },
    "conj": {
      "p": 0.649851632,
      "r": 0.6690427699,
      "f": 0.6593075765
    },
    "advmod": {
      "p": 0.6967084639,
      "r": 0.7140562249,
      "f": 0.7052756843
    },
    "case": {
      "p": 0.8763636364,
      "r": 0.8669064748,
      "f": 0.8716094033
    },
    "nummod": {
      "p": 0.8461538462,
      "r": 0.8634812287,
      "f": 0.8547297297
    },
    "acl:relcl": {
      "p": 0.7055837563,
      "r": 0.7091836735,
      "f": 0.7073791349
    },
    "cop": {
      "p": 0.745631068,
      "r": 0.7820773931,
      "f": 0.7634194831
    },
    "mark": {
      "p": 0.8514851485,
      "r": 0.864321608,
      "f": 0.8578553616
    },
    "advcl": {
      "p": 0.5369127517,
      "r": 0.5128205128,
      "f": 0.5245901639
    },
    "cop:own": {
      "p": 0.5769230769,
      "r": 0.5357142857,
      "f": 0.5555555556
    },
    "nsubj:cop": {
      "p": 0.7223476298,
      "r": 0.694143167,
      "f": 0.7079646018
    },
    "nmod": {
      "p": 0.3380614657,
      "r": 0.3310185185,
      "f": 0.334502924
    },
    "xcomp": {
      "p": 0.641509434,
      "r": 0.6267281106,
      "f": 0.634032634
    },
    "xcomp:ds": {
      "p": 0.661971831,
      "r": 0.5465116279,
      "f": 0.5987261146
    },
    "compound:nn": {
      "p": 0.641509434,
      "r": 0.5666666667,
      "f": 0.6017699115
    },
    "det": {
      "p": 0.8011204482,
      "r": 0.8125,
      "f": 0.8067700987
    },
    "aux": {
      "p": 0.8838582677,
      "r": 0.876953125,
      "f": 0.8803921569
    },
    "ccomp": {
      "p": 0.7065217391,
      "r": 0.6598984772,
      "f": 0.6824146982
    },
    "discourse": {
      "p": 0.68,
      "r": 0.5,
      "f": 0.5762711864
    },
    "fixed": {
      "p": 0.5151515152,
      "r": 0.4473684211,
      "f": 0.4788732394
    },
    "csubj:cop": {
      "p": 0.8888888889,
      "r": 0.4444444444,
      "f": 0.5925925926
    },
    "nmod:gobj": {
      "p": 0.5704697987,
      "r": 0.5379746835,
      "f": 0.5537459283
    },
    "dep": {
      "p": 0.0,
      "r": 0.0,
      "f": 0.0
    },
    "aux:pass": {
      "p": 0.9152542373,
      "r": 0.7714285714,
      "f": 0.8372093023
    },
    "nmod:gsubj": {
      "p": 0.375,
      "r": 0.2142857143,
      "f": 0.2727272727
    },
    "flat:foreign": {
      "p": 1.0,
      "r": 0.2631578947,
      "f": 0.4166666667
    },
    "csubj": {
      "p": 0.2,
      "r": 0.1428571429,
      "f": 0.1666666667
    },
    "appos": {
      "p": 0.4235294118,
      "r": 0.2686567164,
      "f": 0.3287671233
    },
    "cc:preconj": {
      "p": 0.6,
      "r": 0.2727272727,
      "f": 0.375
    },
    "parataxis": {
      "p": 0.4776119403,
      "r": 0.4507042254,
      "f": 0.4637681159
    },
    "orphan": {
      "p": 0.1428571429,
      "r": 0.0322580645,
      "f": 0.0526315789
    },
    "compound": {
      "p": 0.9166666667,
      "r": 0.6875,
      "f": 0.7857142857
    },
    "vocative": {
      "p": 0.7142857143,
      "r": 0.2941176471,
      "f": 0.4166666667
    },
    "goeswith": {
      "p": 0.0,
      "r": 0.0,
      "f": 0.0
    },
    "compound:prt": {
      "p": 0.7272727273,
      "r": 0.8,
      "f": 0.7619047619
    },
    "flat": {
      "p": 0.9038461538,
      "r": 0.6438356164,
      "f": 0.752
    }
  },
  "lemma_acc": 0.8278266554,
  "ents_p": 0.7867409798,
  "ents_r": 0.7341910758,
  "ents_f": 0.7595581988,
  "ents_per_type": {
    "DATE": {
      "p": 0.8655256724,
      "r": 0.859223301,
      "f": 0.862362972
    },
    "ORG": {
      "p": 0.7343387471,
      "r": 0.7309468822,
      "f": 0.7326388889
    },
    "PERSON": {
      "p": 0.7529976019,
      "r": 0.643442623,
      "f": 0.6939226519
    },
    "CARDINAL": {
      "p": 0.9267734554,
      "r": 0.9225512528,
      "f": 0.9246575342
    },
    "WORK_OF_ART": {
      "p": 0.5238095238,
      "r": 0.1964285714,
      "f": 0.2857142857
    },
    "GPE": {
      "p": 0.7731755424,
      "r": 0.7824351297,
      "f": 0.7777777778
    },
    "PRODUCT": {
      "p": 0.6202531646,
      "r": 0.5975609756,
      "f": 0.6086956522
    },
    "TIME": {
      "p": 0.7727272727,
      "r": 0.4857142857,
      "f": 0.5964912281
    },
    "ORDINAL": {
      "p": 0.8076923077,
      "r": 0.785046729,
      "f": 0.7962085308
    },
    "LOC": {
      "p": 0.4761904762,
      "r": 0.3703703704,