{
  "token_acc": 0.9998979384,
  "token_p": 0.9994896918,
  "token_r": 0.9995917117,
  "token_f": 0.9995406992,
  "tag_acc": 0.9331427988,
  "pos_acc": 0.9491681127,
  "morph_acc": 0.9413085638,
  "morph_micro_p": 0.9589187743,
  "morph_micro_r": 0.9575946548,
  "morph_micro_f": 0.9582562571,
  "morph_per_feat": {
    "Case": {
      "p": 0.9734238055,
      "r": 0.9745258987,
      "f": 0.9739745403
    },
    "Definite": {
      "p": 0.9692227439,
      "r": 0.9674563916,
      "f": 0.9683387622
    },
    "Gender": {
      "p": 0.9524508365,
      "r": 0.9566627358,
      "f": 0.95455214
    },
    "Number": {
      "p": 0.9465705765,
      "r": 0.9456305859,
      "f": 0.9461003477
    },
    "Mood": {
      "p": 0.9621451104,
      "r": 0.9703075292,
      "f": 0.9662090813
    },
    "Tense": {
      "p": 0.9403383793,
      "r": 0.9513513514,
      "f": 0.9458128079
    },
    "VerbForm": {
      "p": 0.9435736677,
      "r": 0.9447583176,
      "f": 0.9441656211
    },
    "Voice": {
      "p": 0.963898917,
      "r": 0.9632034632,
      "f": 0.9635510646
    },
    "PronType": {
      "p": 0.9660377358,
      "r": 0.9509658247,
      "f": 0.9584425309
    },
    "Degree": {
      "p": 0.9635974304,
      "r": 0.9249743063,
      "f": 0.9438909282
    },
    "Poss": {
      "p": 0.9920634921,
      "r": 0.9765625,
      "f": 0.9842519685
    },
    "Polarity": {
      "p": 0.99,
      "r": 0.9705882353,
      "f": 0.9801980198
    },
    "NumType": {
      "p": 0.9180327869,
      "r": 0.9491525424,
      "f": 0.9333333333
    },
    "Abbr": {
      "p": 0.875,
      "r": 0.875,
      "f": 0.875
    },
    "Foreign": {
      "p": 0.0,
      "r": 0.0,
      "f": 0.0
    }
  },
  "sents_p": 0.9053030303,
  "sents_r": 0.9484126984,
  "sents_f": 0.9263565891,
  "dep_uas": 0.8181406409,
  "dep_las": 0.7644660854,
  "dep_las_per_type": {
    "nsubj": {
      "p": 0.8018617021,
      "r": 0.78515625,
      "f": 0.7934210526
    },
    "root": {
      "p": 0.821969697,
      "r": 0.8611111111,
      "f": 0.8410852713
    },
    "case": {
      "p": 0.8748590755,
      "r": 0.8758465011,
      "f": 0.8753525099
    },
    "det": {
      "p": 0.9096267191,
      "r": 0.9060665362,
      "f": 0.9078431373
    },
    "obl": {
      "p": 0.6379928315,
      "r": 0.6345811052,
      "f": 0.636282395
    },
    "nsubj:pass": {
      "p": 0.8202247191,
      "r": 0.7525773196,
      "f": 0.7849462366
    },
    "acl:relcl": {
      "p": 0.5673758865,
      "r": 0.6015037594,
      "f": 0.5839416058
    },
    "advmod": {
      "p": 0.7506265664,
      "r": 0.7506265664,
      "f": 0.7506265664
    },
    "amod": {
      "p": 0.8874388254,
      "r": 0.8874388254,
      "f": 0.8874388254
    },
    "obl:agent": {
      "p": 0.6428571429,
      "r": 0.6,
      "f": 0.6206896552
    },
    "aux": {
      "p": 0.9110169492,
      "r": 0.9307359307,
      "f": 0.9207708779
    },
    "nmod:poss": {
      "p": 0.9486166008,
      "r": 0.9338521401,
      "f": 0.9411764706
    },
    "obj": {
      "p": 0.773359841,
      "r": 0.8241525424,
      "f": 0.7979487179
    },
    "nmod": {
      "p": 0.605015674,
      "r": 0.6088328076,
      "f": 0.606918239
    },
    "mark": {
      "p": 0.7975206612,
      "r": 0.7958762887,
      "f": 0.7966976264
    },
    "advcl": {
      "p": 0.4423076923,
      "r": 0.4791666667,
      "f": 0.46
    },
    "cop": {
      "p": 0.8218390805,
      "r": 0.8313953488,
      "f": 0.8265895954
    },
    "xcomp": {
      "p": 0.6013986014,
      "r": 0.5972222222,
      "f": 0.5993031359
    },
    "cc": {
      "p": 0.7900677201,
      "r": 0.8027522936,
      "f": 0.7963594994
    },
    "conj": {
      "p": 0.602484472,
      "r": 0.6139240506,
      "f": 0.6081504702
    },
    "appos": {
      "p": 0.2285714286,
      "r": 0.2285714286,
      "f": 0.2285714286
    },
    "acl": {
      "p": 0.6307692308,
      "r": 0.4226804124,
      "f": 0.5061728395
    },
    "iobj": {
      "p": 0.8823529412,
      "r": 0.7142857143,
      "f": 0.7894736842
    },
    "compound:prt": {
      "p": 0.6547619048,
      "r": 0.7857142857,
      "f": 0.7142857143
    },
    "fixed": {
      "p": 0.8053097345,
      "r": 0.6740740741,
      "f": 0.7338709677
    },
    "parataxis": {
      "p": 0.4038461538,
      "r": 0.4117647059,
      "f": 0.4077669903
    },
    "expl": {
      "p": 0.45,
      "r": 0.6279069767,
      "f": 0.5242718447
    },
    "csubj": {
      "p": 0.3928571429,
      "r": 0.4074074074,
      "f": 0.4
    },
    "ccomp": {
      "p": 0.5897435897,
      "r": 0.4893617021,
      "f": 0.5348837209
    },
    "nummod": {
      "p": 0.7777777778,
      "r": 0.7142857143,
      "f": 0.7446808511
    },
    "aux:pass": {
      "p": 1.0,
      "r": 0.3333333333,
      "f": 0.5
    },
    "acl:cleft": {
      "p": 0.4,
      "r": 0.1818181818,
      "f": 0.25
    },
    "dep": {
      "p": 0.0,
      "r": 0.0,
      "f": 0.0
    },
    "dislocated": {
      "p": 0.6666666667,
      "r": 0.375,
      "f": 0.48
    },
    "flat:name": {
      "p": 1.0,
      "r": 0.0909090909,
      "f": 0.1666666667
    },
    "csubj:pass": {
      "p": 0.0,
      "r": 0.0,
      "f": 0.0
    },
    "discourse": {
      "p": 0.0,
      "r": 0.0,
      "f": 0.0
    },
    "orphan": {
      "p": 0.0,
      "r": 0.0,
      "f": 0.0
    },
    "vocative": {
      "p": 0.0,
      "r": 0.0,
      "f": 0.0
    }
  },
  "lemma_acc": 0.9488618965,
  "ents_p": 0.8010019482,
  "ents_r": 0.700243309,
  "ents_f": 0.7472413345,
  "ents_per_type": {
    "PRS": {
      "p": 0.8622530699,
      "r": 0.834625323,
      "f": 0.8482142857
    },
    "ORG": {
      "p": 0.5679758308,
      "r": 0.5310734463,
      "f": 0.5489051095
    },
    "LOC": {
      "p": 0.8561967833,
      "r": 0.8570075758,
      "f": 0.8566019877
    },
    "TME": {
      "p": 0.5132743363,
      "r": 0.2172284644,
      "f": 0.3052631579
    },
    "OBJ": {
      "p": 0.5238095238,
      "r": 0.3333333333,
      "f": 0.4074074074
    },
    "MSR": {
      "p": 0.4814814815,
      "r": 0.1604938272,
      "f": 0.2407407407
    },
    "WRK": {
      "p": 0.4468085106,
      "r": 0.2258064516,
      "f": 0.3
    },
    "EVN": {
      "p": 0.8181818182,
      "r": 0.375,
      "f": 0.5142857143
    }
  },
  "speed": 10705.5183293246
}