{
  "token_acc": 0.9998979384,
  "token_p": 0.9994896918,
  "token_r": 0.9995917117,
  "token_f": 0.9995406992,
  "tag_acc": 0.9543737879,
  "pos_acc": 0.9641727059,
  "morph_acc": 0.9597836072,
  "morph_micro_p": 0.9785921788,
  "morph_micro_r": 0.9753229399,
  "morph_micro_f": 0.9769548243,
  "morph_per_feat": {
    "Case": {
      "p": 0.9858276644,
      "r": 0.9844324936,
      "f": 0.985129585
    },
    "Definite": {
      "p": 0.9842808488,
      "r": 0.9781306951,
      "f": 0.9811961348
    },
    "Gender": {
      "p": 0.9813774756,
      "r": 0.9787735849,
      "f": 0.9800738007
    },
    "Number": {
      "p": 0.9675891299,
      "r": 0.9635054618,
      "f": 0.965542978
    },
    "Mood": {
      "p": 0.9851222104,
      "r": 0.9830328738,
      "f": 0.9840764331
    },
    "Tense": {
      "p": 0.9729486023,
      "r": 0.9720720721,
      "f": 0.9725101397
    },
    "VerbForm": {
      "p": 0.9693366708,
      "r": 0.9723791588,
      "f": 0.9708555312
    },
    "Voice": {
      "p": 0.9842180775,
      "r": 0.9898989899,
      "f": 0.9870503597
    },
    "PronType": {
      "p": 0.9700598802,
      "r": 0.9628528975,
      "f": 0.966442953
    },
    "Degree": {
      "p": 0.9821989529,
      "r": 0.964028777,
      "f": 0.9730290456
    },
    "Poss": {
      "p": 1.0,
      "r": 0.9921875,
      "f": 0.9960784314
    },
    "Polarity": {
      "p": 0.99,
      "r": 0.9705882353,
      "f": 0.9801980198
    },
    "NumType": {
      "p": 0.9661016949,
      "r": 0.9661016949,
      "f": 0.9661016949
    },
    "Abbr": {
      "p": 1.0,
      "r": 1.0,
      "f": 1.0
    },
    "Foreign": {
      "p": 0.0,
      "r": 0.0,
      "f": 0.0
    }
  },
  "sents_p": 0.9032258065,
  "sents_r": 0.9444444444,
  "sents_f": 0.9233753637,
  "dep_uas": 0.8341822298,
  "dep_las": 0.7872099604,
  "dep_las_per_type": {
    "nsubj": {
      "p": 0.8196078431,
      "r": 0.81640625,
      "f": 0.8180039139
    },
    "root": {
      "p": 0.8368121442,
      "r": 0.875,
      "f": 0.8554801164
    },
    "case": {
      "p": 0.8915254237,
      "r": 0.8905191874,
      "f": 0.8910220215
    },
    "det": {
      "p": 0.9362549801,
      "r": 0.9197651663,
      "f": 0.9279368213
    },
    "obl": {
      "p": 0.6907407407,
      "r": 0.6648841355,
      "f": 0.6775658492
    },
    "nsubj:pass": {
      "p": 0.8155339806,
      "r": 0.8659793814,
      "f": 0.84
    },
    "acl:relcl": {
      "p": 0.6054421769,
      "r": 0.6691729323,
      "f": 0.6357142857
    },
    "advmod": {
      "p": 0.7359198999,
      "r": 0.7368421053,
      "f": 0.7363807138
    },
    "amod": {
      "p": 0.9113300493,
      "r": 0.9053833605,
      "f": 0.9083469722
    },
    "obl:agent": {
      "p": 0.7857142857,
      "r": 0.7333333333,
      "f": 0.7586206897
    },
    "aux": {
      "p": 0.9234042553,
      "r": 0.9393939394,
      "f": 0.9313304721
    },
    "nmod:poss": {
      "p": 0.9498069498,
      "r": 0.9571984436,
      "f": 0.9534883721
    },
    "obj": {
      "p": 0.8111332008,
      "r": 0.8644067797,
      "f": 0.8369230769
    },
    "nmod": {
      "p": 0.678125,
      "r": 0.6845425868,
      "f": 0.6813186813
    },
    "mark": {
      "p": 0.8326446281,
      "r": 0.8309278351,
      "f": 0.8317853457
    },
    "advcl": {
      "p": 0.5046728972,
      "r": 0.5625,
      "f": 0.5320197044
    },
    "cop": {
      "p": 0.8563218391,
      "r": 0.8662790698,
      "f": 0.8612716763
    },
    "xcomp": {
      "p": 0.6692913386,
      "r": 0.5902777778,
      "f": 0.6273062731
    },
    "cc": {
      "p": 0.8171557562,
      "r": 0.8302752294,
      "f": 0.8236632537
    },
    "conj": {
      "p": 0.6263048017,
      "r": 0.6329113924,
      "f": 0.629590766
    },
    "appos": {
      "p": 0.2941176471,
      "r": 0.2857142857,
      "f": 0.2898550725
    },
    "acl": {
      "p": 0.6875,
      "r": 0.4536082474,
      "f": 0.5465838509
    },
    "iobj": {
      "p": 0.8235294118,
      "r": 0.6666666667,
      "f": 0.7368421053
    },
    "compound:prt": {
      "p": 0.7272727273,
      "r": 0.8,
      "f": 0.7619047619
    },
    "fixed": {
      "p": 0.7372881356,
      "r": 0.6444444444,
      "f": 0.6877470356
    },
    "parataxis": {
      "p": 0.3653846154,
      "r": 0.3725490196,
      "f": 0.3689320388
    },
    "expl": {
      "p": 0.5090909091,
      "r": 0.6511627907,
      "f": 0.5714285714
    },
    "csubj": {
      "p": 0.3448275862,
      "r": 0.3703703704,
      "f": 0.3571428571
    },
    "ccomp": {
      "p": 0.6136363636,
      "r": 0.5744680851,
      "f": 0.5934065934
    },
    "nummod": {
      "p": 0.8139534884,
      "r": 0.7142857143,
      "f": 0.7608695652
    },
    "aux:pass": {
      "p": 1.0,
      "r": 0.1666666667,
      "f": 0.2857142857
    },
    "dep": {
      "p": 0.0,
      "r": 0.0,
      "f": 0.0
    },
    "dislocated": {
      "p": 0.25,
      "r": 0.1875,
      "f": 0.2142857143
    },
    "acl:cleft": {
      "p": 0.4444444444,
      "r": 0.3636363636,
      "f": 0.4
    },
    "flat:name": {
      "p": 1.0,
      "r": 0.7272727273,
      "f": 0.8421052632
    },
    "csubj:pass": {
      "p": 0.0,
      "r": 0.0,
      "f": 0.0
    },
    "discourse": {
      "p": 0.0,
      "r": 0.0,
      "f": 0.0
    },
    "orphan": {
      "p": 0.0,
      "r": 0.0,
      "f": 0.0
    },
    "vocative": {
      "p": 0.0,
      "r": 0.0,
      "f": 0.0
    }
  },
  "lemma_acc": 0.956109013,
  "ents_p": 0.866240267,
  "ents_r": 0.7579075426,
  "ents_f": 0.8084609395,
  "ents_per_type": {
    "ORG": {
      "p": 0.6355685131,
      "r": 0.615819209,
      "f": 0.6255380201
    },
    "LOC": {
      "p": 0.906779661,
      "r": 0.9119318182,
      "f": 0.9093484419
    },
    "TME": {
      "p": 0.6489361702,
      "r": 0.2284644195,
      "f": 0.3379501385
    },
    "WRK": {
      "p": 0.4666666667,
      "r": 0.2258064516,
      "f": 0.3043478261
    },
    "PRS": {
      "p": 0.9233595801,
      "r": 0.9090439276,
      "f": 0.9161458333
    },
    "OBJ": {
      "p": 0.5217391304,
      "r": 0.3636363636,
      "f": 0.4285714286
    },
    "MSR": {
      "p": 0.5714285714,
      "r": 0.1481481481,
      "f": 0.2352941176
    },
    "EVN": {
      "p": 0.8888888889,
      "r": 0.3333333333,
      "f": 0.4848484848
    }
  },
  "speed": 8810.9322557987
}